{"cameraMode":{"drawMode":0,"name":"Shaded","section":"Shading Mode"},"sceneLighting":false,"audioPlay":false,"sceneViewState":{"m_AlwaysRefresh":false,"showFog":true,"showSkybox":false,"showFlares":true,"showImageEffects":true,"showParticleSystems":true,"showVisualEffectGraphs":true,"m_FxEnabled":true},"in2DMode":false,"pivot":{"x":3.3571128845214845,"y":15.893409729003907,"z":67.40798950195313},"rotation":{"x":0.2216353416442871,"y":0.008776047267019749,"z":-0.001994801452383399,"w":0.9750892519950867},"size":10.776269912719727,"orthographic":false}